<?xml version="1.0" encoding="UTF-8" ?>
<parameters>
					<parameter name="consumptionShareToSetMinimumConsumption" displayName="consumptionShareToSetMinimumConsumption" type="double" 
						defaultValue="0.2" 
						isReadOnly="false" 
						converter="repast.simphony.parameter.StringConverterFactory$DoubleConverter"
									
		/>
				<parameter name="consumptionShareToSetMaximumConsumption" displayName="consumptionShareToSetMaximumConsumption" type="double" 
						defaultValue="1.8" 
						isReadOnly="false" 
						converter="repast.simphony.parameter.StringConverterFactory$DoubleConverter"
									
		/>
				<parameter name="productionCycleLength" displayName="production cycle length" type="int" 
						defaultValue="12" 
						isReadOnly="false" 
						converter="repast.simphony.parameter.StringConverterFactory$IntConverter"
									
		/>
				<parameter name="exportPolicyDecisionInterval" displayName="exportPolicyDecisionInterval" type="int" 
						defaultValue="12" 
						isReadOnly="false" 
						converter="repast.simphony.parameter.StringConverterFactory$IntConverter"
									
		/>
				<parameter name="batchStoppingTime" displayName="batchStoppingTime" type="int" 
						defaultValue="2" 
						isReadOnly="false" 
						converter="repast.simphony.parameter.StringConverterFactory$IntConverter"
									
		/>
				<parameter name="priceThresholdToIncreaseTargetProduction" displayName="priceThresholdToIncreaseTargetProduction" type="double" 
						defaultValue="8.0" 
						isReadOnly="false" 
						converter="repast.simphony.parameter.StringConverterFactory$DoubleConverter"
									
		/>
				<parameter name="transportCostsTuner" displayName="transportCostsTuner" type="double" 
						defaultValue="1.0" 
						isReadOnly="false" 
						converter="repast.simphony.parameter.StringConverterFactory$DoubleConverter"
									
		/>
				<parameter name="globalProduction" displayName="global production" type="int" 
						defaultValue="500000000" 
						isReadOnly="false" 
						converter="repast.simphony.parameter.StringConverterFactory$IntConverter"
									
		/>
				<parameter name="probabilityToAllowImport" displayName="probabilityToAllowImport" type="double" 
						defaultValue="1.0" 
						isReadOnly="false" 
						converter="repast.simphony.parameter.StringConverterFactory$DoubleConverter"
									
		/>
				<parameter name="weightOfDistanceInInitializingIntercept" displayName="weightOfDistanceInInitializingIntercept" type="double" 
						defaultValue="0.05" 
						isReadOnly="false" 
						converter="repast.simphony.parameter.StringConverterFactory$DoubleConverter"
									
		/>
				<parameter name="toleranceInMovingDemand" displayName="toleranceInMovingDemand" type="double" 
						defaultValue="0.0" 
						isReadOnly="false" 
						converter="repast.simphony.parameter.StringConverterFactory$DoubleConverter"
									
		/>
				<parameter name="verboseFlag" displayName="verbose flag" type="boolean" 
						defaultValue="false" 
						isReadOnly="false" 
						converter="repast.simphony.parameter.StringConverterFactory$BooleanConverter"
									
		/>
				<parameter name="autarkyAtTheBeginning" displayName="autarkyAtTheBeginning" type="boolean" 
						defaultValue="false" 
						isReadOnly="false" 
						converter="repast.simphony.parameter.StringConverterFactory$BooleanConverter"
									
		/>
				<parameter name="shareOfDemandToBeMoved" displayName="shareOfDemandToBeMoved" type="double" 
						defaultValue="0.1" 
						isReadOnly="false" 
						converter="repast.simphony.parameter.StringConverterFactory$DoubleConverter"
									
		/>
				<parameter name="productionRateOfChangeControl" displayName="productionRateOfChangeControl" type="double" 
						defaultValue="0.0" 
						isReadOnly="false" 
						converter="repast.simphony.parameter.StringConverterFactory$DoubleConverter"
									
		/>
				<parameter name="minimumImportQuantity" displayName="minimumImportQuantity" type="int" 
						defaultValue="10" 
						isReadOnly="false" 
						converter="repast.simphony.parameter.StringConverterFactory$IntConverter"
									
		/>
				<parameter name="priceThresholdToDecreaseTargetProduction" displayName="priceThresholdToDecreaseTargetProduction" type="double" 
						defaultValue="2.0" 
						isReadOnly="false" 
						converter="repast.simphony.parameter.StringConverterFactory$DoubleConverter"
									
		/>
				<parameter name="importPolicyDecisionInterval" displayName="importPolicyDecisionInterval" type="int" 
						defaultValue="12" 
						isReadOnly="false" 
						converter="repast.simphony.parameter.StringConverterFactory$IntConverter"
									
		/>
				<parameter name="percentageOfPriceMarkDownInNewlyAccessibleMarkets" displayName="percentageOfPriceMarkDownInNewlyAccessibleMarkets" type="double" 
						defaultValue="0.1" 
						isReadOnly="false" 
						converter="repast.simphony.parameter.StringConverterFactory$DoubleConverter"
									
		/>
				<parameter name="randomSeed" displayName="Default Random Seed" type="int" 
						defaultValue="__NULL__"
						isReadOnly="false" 
						converter="repast.simphony.parameter.StringConverterFactory$IntConverter"
									
		/>
				<parameter name="percentageChangeInTargetProduction" displayName="percentageChangeInTargetProduction" type="double" 
						defaultValue="0.0" 
						isReadOnly="false" 
						converter="repast.simphony.parameter.StringConverterFactory$DoubleConverter"
									
		/>
				<parameter name="startUsingInputsFromTimeTick" displayName="startUsingInputsFromTimeTick" type="int" 
						defaultValue="200" 
						isReadOnly="false" 
						converter="repast.simphony.parameter.StringConverterFactory$IntConverter"
									
		/>
				<parameter name="probabilityToAllowExport" displayName="probabilityToAllowExport" type="double" 
						defaultValue="1.0" 
						isReadOnly="false" 
						converter="repast.simphony.parameter.StringConverterFactory$DoubleConverter"
									
		/>
				<parameter name="demandFunctionInterceptTuner" displayName="demandFunctionInterceptTuner" type="double" 
						defaultValue="0.2" 
						isReadOnly="false" 
						converter="repast.simphony.parameter.StringConverterFactory$DoubleConverter"
									
		/>
				<parameter name="producersPricesMemoryLength" displayName="producersPricesMemoryLength" type="int" 
						defaultValue="12" 
						isReadOnly="false" 
						converter="repast.simphony.parameter.StringConverterFactory$IntConverter"
									
		/>
		</parameters>


