<repast.simphony.gis.visualization.engine.GISDisplayDescriptor>
  <name>gis display</name>
  <type>GIS</type>
  <styles>
    <entry>
      <string>cms_wheat.agents.Buyer</string>
      <string>&lt;?xml version=&quot;1.0&quot; encoding=&quot;UTF-8&quot;?&gt;&lt;sld:UserStyle xmlns=&quot;http://www.opengis.net/sld&quot; xmlns:sld=&quot;http://www.opengis.net/sld&quot; xmlns:ogc=&quot;http://www.opengis.net/ogc&quot; xmlns:gml=&quot;http://www.opengis.net/gml&quot;&gt;&lt;sld:Name&gt;Default Styler&lt;/sld:Name&gt;&lt;sld:Title&gt;cms_wheat.agents.Buyer.FeatureType&lt;/sld:Title&gt;&lt;sld:FeatureTypeStyle&gt;&lt;sld:Name&gt;name&lt;/sld:Name&gt;&lt;sld:Title&gt;cms_wheat.agents.Buyer.FeatureType&lt;/sld:Title&gt;&lt;sld:FeatureTypeName&gt;cms_wheat.agents.Buyer.FeatureType&lt;/sld:FeatureTypeName&gt;&lt;sld:Rule&gt;&lt;sld:Title&gt; &lt;/sld:Title&gt;&lt;sld:PointSymbolizer&gt;&lt;sld:Graphic&gt;&lt;sld:Mark&gt;&lt;sld:WellKnownName&gt;circle&lt;/sld:WellKnownName&gt;&lt;sld:Fill&gt;&lt;sld:CssParameter name=&quot;fill&quot;&gt;#00FFFF&lt;/sld:CssParameter&gt;&lt;/sld:Fill&gt;&lt;sld:Stroke/&gt;&lt;/sld:Mark&gt;&lt;sld:Size&gt;&lt;ogc:PropertyName&gt;sizeInGuiDisplay&lt;/ogc:PropertyName&gt;&lt;/sld:Size&gt;&lt;/sld:Graphic&gt;&lt;/sld:PointSymbolizer&gt;&lt;/sld:Rule&gt;&lt;/sld:FeatureTypeStyle&gt;&lt;/sld:UserStyle&gt;</string>
    </entry>
    <entry>
      <string>cms_wheat.agents.Market</string>
      <string>&lt;?xml version=&quot;1.0&quot; encoding=&quot;UTF-8&quot;?&gt;&lt;sld:UserStyle xmlns=&quot;http://www.opengis.net/sld&quot; xmlns:sld=&quot;http://www.opengis.net/sld&quot; xmlns:ogc=&quot;http://www.opengis.net/ogc&quot; xmlns:gml=&quot;http://www.opengis.net/gml&quot;&gt;&lt;sld:Name&gt;Default Styler&lt;/sld:Name&gt;&lt;sld:Title&gt;cms_wheat.agents.Market.FeatureType&lt;/sld:Title&gt;&lt;sld:FeatureTypeStyle&gt;&lt;sld:Name&gt;name&lt;/sld:Name&gt;&lt;sld:Title&gt;cms_wheat.agents.Market.FeatureType&lt;/sld:Title&gt;&lt;sld:FeatureTypeName&gt;cms_wheat.agents.Market.FeatureType&lt;/sld:FeatureTypeName&gt;&lt;sld:Rule&gt;&lt;sld:Title&gt; &lt;/sld:Title&gt;&lt;sld:PointSymbolizer&gt;&lt;sld:Graphic&gt;&lt;sld:Mark&gt;&lt;sld:Fill&gt;&lt;sld:CssParameter name=&quot;fill&quot;&gt;#0000FF&lt;/sld:CssParameter&gt;&lt;/sld:Fill&gt;&lt;sld:Stroke/&gt;&lt;/sld:Mark&gt;&lt;sld:Size&gt;&lt;ogc:PropertyName&gt;sizeInGuiDisplay&lt;/ogc:PropertyName&gt;&lt;/sld:Size&gt;&lt;/sld:Graphic&gt;&lt;/sld:PointSymbolizer&gt;&lt;/sld:Rule&gt;&lt;/sld:FeatureTypeStyle&gt;&lt;/sld:UserStyle&gt;</string>
    </entry>
    <entry>
      <string>cms_wheat.agents.Producer</string>
      <string>&lt;?xml version=&quot;1.0&quot; encoding=&quot;UTF-8&quot;?&gt;&lt;sld:UserStyle xmlns=&quot;http://www.opengis.net/sld&quot; xmlns:sld=&quot;http://www.opengis.net/sld&quot; xmlns:ogc=&quot;http://www.opengis.net/ogc&quot; xmlns:gml=&quot;http://www.opengis.net/gml&quot;&gt;&lt;sld:Name&gt;Default Styler&lt;/sld:Name&gt;&lt;sld:Title&gt;cms_wheat.agents.Producer.FeatureType&lt;/sld:Title&gt;&lt;sld:FeatureTypeStyle&gt;&lt;sld:Name&gt;name&lt;/sld:Name&gt;&lt;sld:Title&gt;cms_wheat.agents.Producer.FeatureType&lt;/sld:Title&gt;&lt;sld:FeatureTypeName&gt;cms_wheat.agents.Producer.FeatureType&lt;/sld:FeatureTypeName&gt;&lt;sld:Rule&gt;&lt;sld:Title&gt; &lt;/sld:Title&gt;&lt;sld:PointSymbolizer&gt;&lt;sld:Graphic&gt;&lt;sld:Mark&gt;&lt;sld:WellKnownName&gt;circle&lt;/sld:WellKnownName&gt;&lt;sld:Fill&gt;&lt;sld:CssParameter name=&quot;fill&quot;&gt;#00FF00&lt;/sld:CssParameter&gt;&lt;/sld:Fill&gt;&lt;sld:Stroke/&gt;&lt;/sld:Mark&gt;&lt;sld:Size&gt;&lt;ogc:PropertyName&gt;sizeInGuiDisplay&lt;/ogc:PropertyName&gt;&lt;/sld:Size&gt;&lt;/sld:Graphic&gt;&lt;/sld:PointSymbolizer&gt;&lt;/sld:Rule&gt;&lt;/sld:FeatureTypeStyle&gt;&lt;/sld:UserStyle&gt;</string>
    </entry>
  </styles>
  <editedStyles/>
  <netStyles/>
  <editedNetStyles/>
  <frequency>ON_NEW</frequency>
  <schedParams>
    <start>1.0</start>
    <interval>1.0</interval>
    <priority>-Infinity</priority>
    <pType>LAST</pType>
    <duration>-1.0</duration>
    <frequency>REPEAT</frequency>
    <hashCode>1208230210</hashCode>
  </schedParams>
  <layoutInterval>0</layoutInterval>
  <layerOrder>
    <entry>
      <string>cms_wheat.agents.Buyer</string>
      <int>0</int>
    </entry>
    <entry>
      <string>cms_wheat.agents.Market</string>
      <int>1</int>
    </entry>
    <entry>
      <string>./data/ne_50m_admin_0_sovereignty.shp</string>
      <int>3</int>
    </entry>
    <entry>
      <string>cms_wheat.agents.Producer</string>
      <int>2</int>
    </entry>
  </layerOrder>
  <projections>
    <repast.simphony.scenario.data.ProjectionData>
      <id>Geography</id>
      <attributes/>
      <type>geography</type>
    </repast.simphony.scenario.data.ProjectionData>
  </projections>
  <projectionDescriptors>
    <entry>
      <string>Geography</string>
      <repast.simphony.visualization.engine.DefaultProjectionDescriptor>
        <proj reference="../../../../projections/repast.simphony.scenario.data.ProjectionData"/>
        <props/>
      </repast.simphony.visualization.engine.DefaultProjectionDescriptor>
    </entry>
  </projectionDescriptors>
  <props>
    <entry>
      <string>class repast.simphony.visualization.gis.DisplayGIS.SHP_FILE_STYLE_PROP</string>
      <map>
        <entry>
          <string>./data/ne_50m_admin_0_sovereignty.shp</string>
          <string>&lt;?xml version=&quot;1.0&quot; encoding=&quot;UTF-8&quot;?&gt;&lt;sld:UserStyle xmlns=&quot;http://www.opengis.net/sld&quot; xmlns:sld=&quot;http://www.opengis.net/sld&quot; xmlns:ogc=&quot;http://www.opengis.net/ogc&quot; xmlns:gml=&quot;http://www.opengis.net/gml&quot;&gt;&lt;sld:Name&gt;Default Styler&lt;/sld:Name&gt;&lt;sld:Title&gt;ne_50m_admin_0_sovereignty&lt;/sld:Title&gt;&lt;sld:FeatureTypeStyle&gt;&lt;sld:Name&gt;name&lt;/sld:Name&gt;&lt;sld:Title&gt;ne_50m_admin_0_sovereignty&lt;/sld:Title&gt;&lt;sld:FeatureTypeName&gt;ne_50m_admin_0_sovereignty&lt;/sld:FeatureTypeName&gt;&lt;sld:Rule&gt;&lt;sld:Title&gt; &lt;/sld:Title&gt;&lt;sld:PolygonSymbolizer&gt;&lt;sld:Fill&gt;&lt;sld:CssParameter name=&quot;fill&quot;&gt;#FFFFFF&lt;/sld:CssParameter&gt;&lt;/sld:Fill&gt;&lt;sld:Stroke/&gt;&lt;/sld:PolygonSymbolizer&gt;&lt;/sld:Rule&gt;&lt;/sld:FeatureTypeStyle&gt;&lt;/sld:UserStyle&gt;</string>
        </entry>
      </map>
    </entry>
  </props>
  <trackAgents>false</trackAgents>
</repast.simphony.gis.visualization.engine.GISDisplayDescriptor>